VARIABLE AA;LIBELLE ACTUEL;NOUVEAU LIBELLE;NOM TECHNIQUE;
prop16;Espace;Section du site - Niveau 1 (prop16);pages.espace;
prop9;Sous-espace (prop9);Section du site - Niveau 2 (prop9);pages.univers;
prop20;Fonctionnalité;Section du site - Niveau 3 (prop20);pages.fonctionnalite;
prop10;Sous-fonctionnalité (prop10);Section du site - Niveau 4 (prop10);pages.pageType;
evar50;Page (evar50);Nom de la page (evar50);pages.pageName;
prop6;Type Applicatif (prop6);Application ou Site (prop6);pages.applicationType;
prop70;Webview identification (prop70);Navigateur ou webview (prop70);ex_browser;
prop21;Nom du site et de l'application (prop21);Nom du site ou de l'application (prop21);pages.siteName;
prop7;Brique technique (prop7);Brique technique - Niveau 1 (prop7);pages.applicationName;
prop3;Sous brique technique (prop3);Brique technique - Niveau 2 (prop3);pages.applicationSubName;
prop13;Url de la page (prop13);;;
prop24;Mobile Service Type (Google/Huawei);Type d'Android (Google / Huawei) (prop24);pages.pageNameBeforeHDL;A mettre dans les variable de classif
evar139;app build (evar139);Application mobile : VERSION - BUILD (evar139);custom.profilUtilisateur;A mettre dans les variable de classif
prop35;Pagename avant retraitement HDL;Pagename avant retraitement Hosted Datalayer (prop35);;
prop54;Timestamp;Timestamp (prop54);;
prop73;Profil Tealium (prop73);Profil Tealium (prop73);custom.app_build;
evar122;Nom de l'application;Nom technique de l'application (evar122);custom.app_rdns;
prop5;Code réduit Etablissement de la page (prop5);Code Etablissement de la page (prop5);pages.CodeEnttGrpe;
prop5.libelle-code-etablissement-pag;Code réduit Etablissement de la page (prop5);Code et libellé Etablissement de la page (prop5);pages.CodeEnttGrpe;"Je ne trouve pas cette classif dans AA.
Le descriptif des valeurs est idem que celui de la variable. 
CG : classification coté BP mais pas coté CE…"
prop8;Marché de navigation (prop8);Marché de la page (prop8);pages.marche;
evar2;Id client (evar2);Id client (evar2);"clients.id (web)
clientid (app)";
prop2;Id Client (prop2);Id Client (prop2);"clients.id (web)
clientid (app)";
evar100;CRMID (evar100);;;
evar129;ID client personne physique connectée;ID Personne (evar129);visitor_context.codep;
evar21;Id client - consentement cookie (evar21);ID Client - consentement à la mesure d'audience individuelle (evar21);clients.clientid;
prop62;CRMID - consentement assistance personnalisée (prop62);CRMID - cconsentement à la mesure d'audience individuelle (prop62);;
evar45;ID client personne Physique connectée - consentement cookie (evar45);ID Personne - consentement à la mesure d'audience individuelle (evar45);processing rule;
evar1;Code etablissement client (evar1);Code etablissement client (evar1);clients.idEnttGrpe;Classif de l'evar ou de la prop ?  Trouvé pour la prop mais pour l'evar
prop1;Code Etablissement Client (prop1);Code Etablissement Client (prop1);clients.idEnttGrpe;
prop1.libelle.etablissement.client;Libellé établissement client (prop1) (Code établissement client (prop1));Libellé établissement client (prop1);clients.idEnttGrpe;Les variables du visitor context sont à mettre à jour
prop25;Code enseigne;Code enseigne (prop25);visitor_context.enseigne;
evar4;Marché client (evar4);;clients.marche;
prop4;Marché Client (prop4);;clients.marche;
evar146;Client - Statut juridique (evar146);;clients.sjur;
evar101;Client - Double Relation (evar101);;clients.drel;
evar102;Client - CASDEN (evar102);;clients.casd;
evar103;Client - Code NAF (evar103);;clients.cna;
evar104;Client - Age (evar104);;clients.bdy;
evar105;Client - Segmentation part (evar105);;"CE : clients.spart
BP : clients.sengpart";
evar106;Client - Segmentation pro (evar106);;clients.spro;
evar147;Client - Marché marketing précis MySys - CE uniquement (evar147);;clients.codem;
evar148;Client - Segmentation marketing PART individuelle (CICE/Activation) (evar148);;clients.spart2;
evar144;Client - Segmentation part : top vivier epargnant actif (evar144);;"clients.teparact
clients.tviv";
evar144.teparact;Clients - Top épargnant actif;;"clients.teparact
clients.tviv";
evar144.tviv;Clients - Top vivier;;"clients.teparact
clients.tviv";
evar149;Client - Segmentation marketing PART RB (CICE) - BP uniquement (evar149);;clients.spart2rb;
evar150;Client - Segmentation marketing PRO individuelle (CICE) - BP uniquement (evar150);;clients.spro2;
evar3;Clients - Detention produits clients (evar3);Clients - Detention produits clients (evar3);custom.agregation_clients;
evar3.clients-detention-credit-eudiant;Clients - Detention Credit etudiant (evar3);Clients - Detention Credit etudiant (evar3);;
evar3.clients-detention-compte-depot;Clients - Detention Compte de depot (evar3);Clients - Detention Compte de depot (evar3);;
evar3.clients-detention-credit-conso-travaux;Clients - Detention Credit Conso Travaux (evar3);Clients - Detention Credit Conso Travaux (evar3);;
evar3.clients-detention-credit-conso-auto;Clients - Detention Credit Conso Auto (evar3);Clients - Detention Credit Conso Auto (evar3);;
evar3.clients-detention-credit-conso-tresorerie;Clients - Detention Credit Conso Tresorerie (evar3);Clients - Detention Credit Conso Tresorerie (evar3);;
evar3.clients-detention-assurance-auto;Clients - Detention Assurance Auto (evar3);Clients - Detention Assurance Auto (evar3);;
evar3.clients-detention-assurance-habitation;Clients - Detention Assurance Habitation (evar3);Clients - Detention Assurance Habitation (evar3);;
evar3.clients-detention-assurance-vie;Clients - Detention Assurance Vie (evar3);Clients - Detention Assurance Vie (evar3);;
evar3.clients-detention-credit-immo;Clients - Detention Credit Immo (evar3);Clients - Detention Credit Immo (evar3);;
evar3.clients-detention-credit-pro;Clients - Detention Credit Pro (evar3);Clients - Detention Credit Pro (evar3);;
evar9;Client - Bancarise principal (evar9);Client - Bancarise principal (evar9);"visitor_context.mbank
datalayer.mbank";
evar35;Client - Actif bancaire part (evar35);Client - Actif bancaire part (evar35);custom.agregation_visitor_context;
evar36;Client - Actif bancaire pro (evar36);Client - Actif bancaire pro (evar36);custom.agregation_visitor_context;
evar37;Client - Actif bancaire ent (evar37);Client - Actif bancaire ent (evar37);custom.agregation_visitor_context;
evar69;Clients - Top abonnements clients (evar69);Clients - Top abonnements clients (evar69);"visitor_context.mbank
datalayer.mbank";
evar69.client-top-abonnement-part;Client - Top abonnement part (evar69);Client - Top abonnement part (evar69);;
evar69.client-top-abonnement-pro;Client - Top abonnement pro (evar69);Client - Top abonnement pro (evar69);;
evar69.client-top-abonnement-ent;Client - Top abonnement ent (evar69);Client - Top abonnement ent (evar69);;
evar118;Client - Detention Assurance vie (evar118);;clients.assv;
evar154;type abonnement;;visitor_context.cabo / clients.cabo ( variable spécifique au parcours turbo;
evar17;Profil d'abonnement (evar17);Profil d'abonnement (evar17);visitor_context.servab;
evar17.libelle-profil-dabonnement-eva;libellé profil d'abonnement (evar17);Libellé profil d'abonnement (evar17);;
evar66;Top Detention part (evar66);Top detention compte courant part (evar66);custom.topDetentionPart;
evar67;Top detention pro (evar67);Top detention courant pro (evar67);custopm.topDetentionPro;
evar62;Profil utilisateur (evar62);Profil utilisateur particulier | Porteur carte professionnel (evar62);custom.profilClient;
evar5;Libelle clic (evar5);Libellé du clic (evar5);clics.libelle;
evar6;Type de clic (evar6);Type de clic (evar6);clics.type;
event10;Événement de clic (event10);Clic effectué (event10);event.event_name;
prop14;Nom du formulaire (prop14);Formulaires - Nom du formulaire (prop14);form.nom;
evar14;Nom du formulaire (evar14);Formulaires - Nom du formulaire (prop14);form.nom;
event1;Début du formulaire (event1);Formulaires - Début du formulaire (event1);event.event_name;
event2;Fin du formulaire (event2);Formulaires - Fin du formulaire (event2);event.event_name;
evar182;Type entree parcours (evar182);Formulaires - Type entree parcours (evar182);custom.typeEntreeParcours;
evar181;Motif sortie parcours (evar181);Formulaires - Motif sortie parcours (evar181);custom.motifSortieParcours;
event33;Sortie du parcours (event33);Formulaires - Sortie du parcours (event33);event.event_name;
evar75;Type d'erreur (evar75);Type de l'erreur (evar75);custom.typeErreur;
event32;Erreur technique (event32);Erreur technique (event32);event.event_name;
event34;Erreur client (event34);Erreur client (event34);event.event_name;
evar79;libelle document (evar79);Libelle du document (evar79);custom.libelleTelechargement;
evar172;methode d'ajout document (evar172);Methode d'ajout document (evar172);custom.ajoutBeneficiaireMethode;
event61;Téléversement du document (event61);Upload du document (event61);event.event_name;
event60;Telechargement du document (event60);Download du document (event60);event.event_name;
evar90;Provenance (evar90);Parcours de provenance (evar90);custom.provenance;
evar51;Asset (evar51);Asset transverse (evar51);custom.asset;
event260;Signature dans widget de signature (event260);Signature dans widget de signature (event260);event.event_name;
event102;Reprise de parcours (event102);Reprise de parcours (event102);event.event_name;Ca va avec l'evar 46?
prop15;Identifiant etape Formulaire;Identifiant etape Formulaire (prop15);form.idEtape;
event33;Sortie du parcours (event33);Sortie du parcours (event33);event.event_name;Ca va avec l'evar181 ?
evar46;Parcours initial ou reprise (evar46);Parcours initial ou reprise (evar46);;
event155;Fin de souscription ;Fin de souscription (event155);event.event_name;
event161;Proposition validée (event161);Proposition validée (event161);event.event_name;
event162;Complétion formulaire assurance;Crédit conso - Complétion du formulaire assurance (event162);event.event_name;
event164;Simulation effectuée;Simulation effectuée (event164);event.event_name;
event38;Modification simulation (event38);Modification simulation (event38);event.event_name;
event160;Souscription assurance;Crédits - Souscription à l'assurance du crédit (event160);event.event_name;
evar40;Choix gbb (evar40);GBB - Critères du parcours (evar40);custom.agregation_gbb;
evar40.carte-choisie;Choix gbb (evar40);GBB - Carte choisie (evar40);custom.gbb_carteChoisie;
evar40.formule-choisie;Choix gbb (evar40);GBB - Formule choisie(evar40);custom.gbb_formuleChoisie;
evar40.statut-familial;Choix gbb (evar40);GBB - Statut familial (evar40);custom.gbb_soloFamille;
evar40.tranche-age;Choix gbb (evar40);GBB - tranche d'age (evar40);custom.gbb_trancheAge;
evar99;Option choix debit differe (evar99);Montée en gamme - débit différé oui ou non (evar99);custom.optionChoixDebitDiffere;
event263;Confirmation signature montee en gamme (event263);Montée en gamme - Confirmation signature montee en gamme (event263);event.event_name;
event304;Bancarisation ado : Renvoi vers EER mineur (event304);Bancarisation ado : Renvoi vers EER mineur (event304);event.event_name;
evar164;Type de vente;Initiative prospect ou conseiller (evar164);custom.typeVente;
evar59;Variable d'agregation eerd ei (evar59);EERD EI - critères du parcours (evar59);"custom.agregation_eerdEi
";
evar59.amp-pro;interêt assurance AMP pro (evar59);EERD EI - interêt assurance AMP pro (evar59);custom.eerdEi_AMP_PRO;
evar59.assurance-rc-pro;interêt assurance RC pro (evar59);EERD EI - interêt assurance RC pro (evar59);custom.eerdEi_ASS_RCPRO;
evar59.csp;Catégorie socio professionnelle (evar59);EERD EI - (evar59);custom.eerdEi_csp;
evar59.documentrecupere;Documents recupérés automatiquement (evar59);EERD EI - Docmuents récupérés automatiquement (evar59);custom.eerdEi_documentRecupere;
evar59.ipaidthat;interêt IPaidThat (evar59);EERD EI - interêt IPaidThat (evar59);custom.eerdEi_IPAIDTHAT;
evar59.iz-ecommerce;interêt IZ e-commerce (evar59);EERD EI - interêt IZ e-commerce (evar59);custom.eerdEi_IZ_E-COMMERCE;
evar59.tap-to-pay;interêt tap to pay (evar59);EERD EI - interêt tap to pay (evar59);custom.eerdEi_TAP_TO_PAY;
evar71;Email crypté (evar71);Email crypté (evar71);;
evar72;Télephone  crypté (evar72);Télephone  crypté (evar72);;
evar83;Hash (evar83);Prospects - Hash des informations prospects (evar83);custom.hash;
event156;Lead;Lead créé (event156);event.event_name;
evar18;Aggregation rachat credit immo (evar18);Crédit immo - Critères du parcours (evar18);custom.aggregationRachatImmo;
evar18.capital-restant;Crédit immo - Capital restant du  (evar18);Crédit immo - Capital restant du  (evar18);custom.creditImmo_capitalRestantDu;
evar18.client-bpce;Crédit immo - Etat de recherche du bien (evar18);Crédit immo - Etat de recherche du bien (evar18);custom.creditImmo_etatRecherche;
evar18.etablissement;Crédit immo - Etablissement adresse bien (evar18);Crédit immo - Etablissement adresse bien (evar18);custom.creditImmo_etablissement;
evar18.etat-de-recherche;Crédit immo - Client BPCE ou non (evar18);Crédit immo - Client BPCE ou non (evar18);custom.creditImmo_clientBPCE;
evar18.montant-financement;Crédit immo - Montant financement  (evar18);Crédit immo - Montant financement  (evar18);custom.creditImmo_montantFinancement;
evar18.presence-travaux;Crédit immo - Présence de travaux oui / non (evar18);Crédit immo - Présence de travaux oui / non (evar18);custom.creditImmo_presenceTravaux;
evar18.proposition-envoyee;Crédit immo - Proposition envoyée (evar18);Crédit immo - Proposition envoyée (evar18);custom.creditImmo_propositionEnvoyee;
evar18.ratio-apport;Crédit immo - Ratio apport (evar18);Crédit immo - Ratio apport (evar18);custom.creditImmo_ratioApport;
evar18.societaire-casden;Crédit immo - Sociétaire casden (evar18);Crédit immo - Sociétaire casden (evar18);custom.creditImmo_societaireCasden;
evar18.usage-bien;Crédit immo - Usage du bien  (evar18);Crédit immo - Usage du bien  (evar18);custom.creditImmo_usageBien;
evar68;Score souscription (evar68);Score de souscription (evar68);custom.score;
evar44;Critère conso aggregation (evar44);Simulation Simulation prêt personnel - critères du parcours (evar44);custom.aggregationConso;
evar44.categorie;Critère conso aggregation (evar44);Simulation prêt personnel -  Catégorie de l'emprunt(evar44);custom.simconso_categorie;
evar44.duree;Critère conso aggregation (evar44);Simulation prêt personnel -  Durée de l'emprunt (evar44);custom.simconso_duree;
evar44.mensualite;Critère conso aggregation (evar44);Simulation prêt personnel -  mensualité de remboursement (evar44);custom.simconso_mensualite;
evar44.montant;Critère conso aggregation (evar44);Simulation prêt personnel -  Montant emprunté (evar44);custom.simconso_montant;
evar44.sous-categorie;Critère conso aggregation (evar44);Simulation prêt personnel - Sous catégorie de l'emprunt (evar44);custom.simconso_sousCategorie;
prop75;Aggregation (prop75);Souscription prêt personnel - critères du parcours (prop75);custom.agregation;
evar8;Critère renouvelable aggregation (evar8);Simulation Crédit renouvelable - critères du parcours (evar8);custom.aggregationConso;
evar53;Ouverture livret agregation (evar53);Epargne selfcare - Critères du parcours (evar53);custom.agregation_ouvertureLivret;
evar53.compte-d-alimentation;Compte d'alimentation (Ouverture livret agregation);Epargne selfcare - Compte d'alimentation (evar53);custom.ouvertureLivret_compteAlimentation;
evar53.libelle-produit;Libellé produit (Ouverture livret agregation);Epargne selfcare - Libellé produit  (evar53);custom.ouvertureLivret_libelleProduit;
evar53.mise-en-place-virement-mensuel;Mise en place virement mensuel (Ouverture livret agregation);Epargne selfcare - Mise en place virement mensuel  (evar53);custom.ouvertureLivret_virementProgramme;
evar53.acceptation-communication-admi;Acceptation communication administration fiscale (Ouverture livret agregation);Epargne selfcare - Acceptation communication administration fiscale (evar53);custom.ouvertureLivret_communicationAdminFiscale;
evar53.autorisation.retrait.moins.16;Autorisation de retrait pour les moins de seize ans (Ouverture livret agregation);Epargne selfcare - Autorisation de retrait pour les moins de seize ans (evar53);custom.ouvertureLivret_autorisationRetraitMoinsSeizeAns;
evar53.autorisation.retrait.plus.16;Autorisation de retrait pour les plus de seize ans (Ouverture livret agregation);Epargne selfcare - Autorisation de retrait pour les plus de seize ans (evar53);custom.ouvertureLivret_autorisationRetraitPlusSeizeAns;
event261;Montant du virement initial (event261);Epargne selfcare - Montant du virement initial (event261);event.event_name;
event262;Montant du virement programmé (event262);Epargne selfcare - Montant du virement programmé (event262);event.event_name;
event287;Don confirmé depuis un LDDS;LDDS - Don confirmé depuis LDDS (event287);event.event_name;
event237;Confirmation signature livret (event237);Epargne Selfcare - Confirmation de souscription au livret (event237);event.event_name;
evar60;Agregration parrainage (evar60);Parrainage - critères du parcours (evar60);"custom.agregation_parrainage
";
evar60.lien-parrain;Lien parrain;Parrainage - lien parrain (evar60);custom.parrainage_lienParrain;
evar60.montant-prime-filleul;Montant de la prime du filleul;Parrainage - Montant prime filleul (evar60);custom.parrainage_montantPrimeFilleul;
evar60.montant-prime-parrain;Montant de la prime du parrain;Parrainage - Montant prime parrain (evar60);custom.parrainage_montantPrimeParrain;
evar60.recompense-filleul;Récompense Filleul;Parrainage - Récompense filleul (evar60);custom.parrainage_recompenseFilleul;
evar60.recompense-parrain;Récompense Parrain;Parrainage - Récompense parrain (evar60);custom.parrainage_recompenseParrain;
evar177;Type de mobilite;Mobilitée bancaire - Type de mobilité (evar177);custom.typeMobilite;
evar178;Fermeture du compte;Mobilitée bancaire - Fermeture du compte (evar178);custom.fermetureCompte;ca pourrait être une var agrégée tous ces critères
evar179;Type compte depart;Mobilitée bancaire - Type compte depart (evar179);custom.typeCompteDepart;
evar180;Type compte arrivee;Mobilitée bancaire - Type compte arrivee (evar180);custom.typeCompteArrivee;
event272;Versement complementaire assurance vie (event272);Assurance Vie - Versement complementaire  effectué (event272);event.event_name;
LIST2;Type de reprise d'acte de vente (list2);Mes demandes - Type de reprise d'acte de vente (list2);custom.typeSouscription;
evar191;Canal original de la demande (evar191);Mes demandes - Canal original de la demande (evar191);custom.canalOriginalDemande;
event163;Souscription signée;Souscription signée (event163);event.event_name;
event242;Affichage liste demandes en cours (event242);Mes demandes - Affichage liste demandes en cours (event242);event.event_name;
event243;Redirection RAVE (event243);Mes demandes - Redirection vers legacy (event243);event.event_name;
event271;Clic sur le CTA de reprise RAVE (event271);Mes demandes - Clic sur le CTA de reprise (event271);event.event_name;
event279;Clic promotion MRH dans Rave (event279);Mes demandes - Clic promotion MRH (event279);event.event_name;
event30;Accuser reception (event30);Mes demandes - Accuser reception immo (event30);event.event_name;
event173;Consultation des détails d'une demande rave (event173);Consultation des détails d'une demande rave (event173);event.event_name;
evar76;Push hors app (evar76);Code des push hors app (evar76);;
evar80;Code campagne externe (evar80);Code des campagnes externes (evar80);;
evar80.levier-campagne-externe;Levier campagne externe (evar80);Regroupement campagnes externes (evar80);;
evar81;campagne push in app (evar81);Code des campagnes push in app (evar81);;
evar38;Details Leviers conversion (evar38);Details Leviers conversion (evar38);;
evar38.leviers-conversion;Leviers de conversion (evar38);Leviers de conversion (evar38);;
evar38.sous-leviers-conversion;Sous leviers de conversion (evar38);Sous leviers de conversion (evar38);;
evar57;Détails Levier Merchandising (evar57);Détails Levier Merchandising (evar57);custom.levierMerchandising;
evar57.sous-leviers-merchandising;Détails Levier Merchandising (evar57);Sous Levier Merchandising (evar57);;
evar58;Levier Cross Sell (evar58);Détails Levier Cross Sell (evar58);custom.levierCrossSell;
evar13;Libellé produit;Libellé produit (evar13);custom.libelleProduit;
evar27;Famille produit merchandising (evar27);Product - Famille produit merchandising (evar27);products_famille;
evar28;Code produit merchandising (evar28);Product - Code produit merchandising (evar28);products_code;
prop17;Gamme de produit de Navigation;Portail - Gamme de produit de navigation (prop17);clics.template;
prop18;Code Produit de navigation;Portail - Code produit de navigation (prop18);custom.infosAiguilleur;
evar124;Consentement cookie - choix (evar124);Consentement cookie - choix (evar124);cookie_consent;
evar124.cookie-consent-assistance-personnalisee;Cookie Consent - Assistance personnalisée (evar124);Cookie Consent - Assistance personnalisée (evar124);;
evar124.cookie-consent-experience-personnalisee;Cookie Consent - Expérience personnalisée (evar124);Cookie Consent - Expérience personnalisée (evar124);;
evar124.cookie-consent-publicite;Cookie Consent - Publicité (evar124);Cookie Consent - Publicité (evar124);;
evar124.cookie-consent-reseaux-sociaux;Cookie Consent - Réseaux sociaux (evar124);Cookie Consent - Réseaux sociaux (evar124);;
event50;Consentement cookie - choix (event50);Consentement cookie - choix (event50);event.event_name;le clic sur personnaliser est considérer comme un choix ? Quid si le choix est fait en niveau 2 ?
event330;Affichage popin consentement : accueil (event330);Affichage popin consentement : accueil (event330);event.event_name;
event331;Affichage popin consentement : personnalisation (event331);Affichage popin consentement : personnalisation (event331);event.event_name;
prop30;Consentement ATT - choix;Consentement ATT - choix (prop30);datalayer.ios_att_consent;
evar47;Type de l'optin (evar47);Type de l'optin (evar47);;
event252;Consentement optin (event252);Consentement optin (event252);event.event_name;
event253;Consentement optout (event253);Consentement optout (event253);event.event_name;
event183;Mise à jour informations client;MAJCC - mise a jour informations clients (event183);event.event_name;
event215;Optout (sms / mail);MAJCC - optout (event215);event.event_name;
event216;Optin (sms / mail);MAJCC - optin (event216);event.event_name;
event275;Revoir introduction QFD (event275);MAJCC - revoir introduction QFD (event275);event.event_name;
event110;Modification consentement RGPD;privacy center - consentement personalisation offres (event110);event.event_name;
event229;Consentement RGPD avis impot (event229);privacy center - consentement avis imposition (event229);event.event_name;
evar159;Id memorise (evar159);Authentification - Id memorise (evar159);custom.idMemorise;
evar158;Nombre d'id memorise (evar158);Authentification - Nombre d'id memorise (evar158);custom.nbIdMemorise;
evar161;solde rapide (evar161);Solde rapide - Etat d'activation du solde rapide (evar161);custom.soldeRapide;
evar127;Nombre de compte actif sur le solde rapide (evar127);Solde rapide - Nombre de compte actif sur le solde rapide (evar127);custom.nbCompteSoldeRapide;
evar166;Affichage du solde rapide (evar166);Solde rapide - Affichage du solde rapide (evar166);custom.affichageSoldeRapide;
evar151;authentification - finalite (evar151);Authentification - Finalité de l'authentification (evar151);custom.authentificationFinalite;
evar143;Type d'authentification (evar143);Authentification - Type d'authentification (evar143);custom.typeAuthentification;
evar152;Authentification - methode  (evar152);Authentification - Méthode d'authentification (evar152);custom.authentificationMethode;
event76;Succès de l'authentification (event76);Authentification - Succès de l'authentification (event76);event.event_name;
event67;Suppression de l'ID mémorisé (event67);Authentification - Suppression de l'ID mémorisé (event67);event.event_name;
event158;Nouvel ID mémorisé (event158);Authentification - Nouvel ID mémorisé (event158);event.event_name;
event80;Nombre d'activations de la biométrie Securpass (event80);Authentification - Nombre d'activations de la biométrie (event80);event.event_name;
event106;Soumission de l'authentification forte (event106) ;Authentification - Soumission de l'authentification forte (event106) ;event.event_name;
event107;Blocage des accès (event107);Authentification - Blocage des accès (event107);event.event_name;
evar160;version accessible;Authentification - Activation de la fonctionnalité version accessible (evar160);custom.versionAccessible;
evar196;Provenance du parcours OTP mail;A supprimer (pas de données sur 1 mois ni bp ni ce);custom.parcoursDeProvenance;
evar94;Statut call in progress (evar94);Authentification - Statut call in progress (evar94);custom.statutCallInProgress;
event104;memoriser identifiant;Authentification - Nombre de mémorisation d'ID depuis réglage (event104);event.event_name;
event108;clic sur incitation MAJ de l'application;Authentification - Nombre de clics sur l'incitation a la MAJ de l'appli (event108);event.event_name;
event147;Nombre de changement de mot de passe (event147);Authentification - Nombre de changements de mot de passe (event147);event.event_name;
event148;Nombre d'identifiants oubliés (event148);Authentification - Nombre d'identifiants oubliés (event148);event.event_name;
event184;Activation solde rapide;Solde rapide - Activation solde rapide (event184);event.event_name;
event185;Affichage du solde rapide;Solde rapide - Affichage du solde rapide (event185);event.event_name;
event273;Authentification AISP réussie (event273);Authentification - Authentification AISP réussie (event273);event.event_name;
evar138;Provenance parcours nouveau MDP (evar138);Authentification - Provenance parcours nouveau MDP (evar138);custom.parcoursMdp;
event306;demande de réinitialiosation mdp (event306);Authentification - Demande de réinitialiosation mdp (event306);event.event_name;
evar54;Nom du partenaire (evar54);BPCE Connect - Nom du partenaire (evar54);custom.nomDuPartenaire;
event283;Acceptation de partager ses données au partenaire BPCE connect (event283);BPCE Connect - Acceptation de partager ses données au partenaire BPCE connect (event283);event.event_name;
event286;Suppression du consentement BPCE connect (event286);BPCE Connect - Suppression du consentement BPCE connect (event286);event.event_name;
event369;Sécurisation de l'appel conseillé (event369);Authentification - Sécurisation de l'appel conseillé (event369);;
evar142;motif non eligibilite securpass;Securpass - motif non eligibilite securpass;custom.motifNonEligibilite;
evar31;Statut equipement securpass;Securpass - Statut equipement securpass;custom.statutequipementsecurpass;
evar89;Fonctionnalité (evar89);Securpass - Fonctionnalité (evar89);custom.fonctionnalite;
evar91;Type usage securpass (evar91);Securpass - Type usage securpass (evar91);custom.type;
evar92;Contexte usage securpass (evar92);Securpass - Contexte usage securpass (evar92);custom.contexte;
event105;Nombre de désactivation de la biometrie;Securpass - Nombre de désactivation de la biometrie;event.event_name;
event64;Changement de methode d'authentification;Securpass - Changement de methode d'authentification;event.event_name;
event73;Nombre d'enrolements securpass sans delai;Securpass - Nombre d'enrolements securpass sans delai;event.event_name;
event74;Nombre d'enrolements securpass avec delai;Securpass - Nombre d'enrolements securpass avec delai;event.event_name;
event79;Nombre de compte non éligible à securpass;Securpass - Nombre de compte non éligible à securpass;event.event_name;
event81;Nombre d'activation des notifications securpass;Securpass - Nombre d'activation des notifications securpass;event.event_name;
event82;Nombre d'opérations à confirmer;Securpass - Nombre d'opérations à confirmer;event.event_name;
event83;Nombre d'opérations confirmées;Securpass - Nombre d'opérations confirmées;event.event_name;
event84;Nombre d'opérations refusées;Securpass - Nombre d'opérations refusées;event.event_name;
event85;Nombre de code securpass modifiés;Securpass - Nombre de code securpass modifiés;event.event_name;
event86;Nombre de securpass supprimés;Securpass - Nombre de securpass supprimés;event.event_name;
event87;Nombre d'opérations suspectes;Securpass - Nombre d'opérations suspectes;event.event_name;
evar125;type de paiement ecarte (evar125);PLC - type de paiement ecarte (evar125);custom.typePaiementEcarte;
evar157;Code de l'augmentation du plafond de carte (evar157);PLC - Code de l'augmentation du plafond de carte (evar157);datalayer.custom.agregationAugmentationPlafond;
evar189;Fonctionnalité en echec d'activation PLC (evar189);PLC - Fonctionnalité en echec d'activation PLC (evar189);custom.actionFonctionnalitePlc;
evar19;Type augmentation plafond carte (evar19);PLC - Type augmentation plafond carte (evar19);custom.typeAugmentationPlafond;
evar32;Nombre de cartes actives differentes (evar32);PLC - Nombre de cartes actives differentes (evar32);custom.NombreCartesActives;
evar33;Nombre de cartes opposées différentes (evar33);PLC - Nombre de cartes opposées différentes (evar33);custom.NombreCartesOpposees;
evar34;Nombre de cartes commandées ou expédiées (evar34);PLC - Nombre de cartes commandées ou expédiées (evar34);custom.NombreCartesCommandees;
evar39;Circonstance de la contestation d'opération carte (evar39);PLC - Circonstance de la contestation d'opération carte (evar39);custom.circonstancecontestation;
evar74;"Motif d'opposition d""une carte (evar74)";"PLC - Motif d'opposition d""une carte (evar74)";custom.typeOpposition;
event111;Visiualisation PIN digital;PLC - Visiualisation PIN digital (event111);event.event_name;
event123;Mise en opposition;PLC - Mise en opposition (event123);event.event_name;
event179;Confirmation de limitation de la carte;PLC - Confirmation de limitation de la carte (event179);event.event_name;
event180;Succès demande activation carte digitale;PLC - Succès demande activation carte digitale (event180);event.event_name;
event192;Activation verouillage temporaire;PLC - Activation verouillage temporaire (event192);event.event_name;
event193;activation paiements a distance;PLC - activation paiements a distance (event193);event.event_name;
event194;Activation des paiements et retraits à l'étranger (event194);PLC - Activation des paiements et retraits à l'étranger (event194);event.event_name;
event195;Désactivation verouillage temporaire;PLC - Désactivation verouillage temporaire (event195);event.event_name;
event196;Désactivation paiements a distance;PLC - Désactivation paiements a distance (event196);event.event_name;
event197;Désactivation paiement et retraits a l'etranger;PLC - Désactivation paiement et retraits a l'etranger (event197);event.event_name;
event198;Validation de contestation d'opération;PLC - Validation de contestation d'opération (event198);event.event_name;
event199;Dépôt justificatif contestation opération;PLC - Dépôt justificatif contestation opération (event199);event.event_name;
event200;Recommande carte;PLC - Recommande carte (event200);event.event_name;
event201;Reactivation carte limitee;PLC - Reactivation carte limitee (event201);event.event_name;
event207;activation blocage retraits mineur;PLC - activation blocage retraits mineur (event207);event.event_name;
event208;Désactivation blocage retraits mineur;PLC - Désactivation blocage retraits mineur (event208);event.event_name;
event209;Affichage code PIN de la cb;PLC - Affichage code PIN de la cb (event209);event.event_name;
event212;Activation suivie du solde de votre enfant;PLC - Activation suivie du solde de votre enfant (event212);event.event_name;
event221;Ajout carte wallet;PLC - Ajout carte wallet (event221);event.event_name;
event244;Souscription au service ecarte;PLC - Souscription au service ecarte (event244);event.event_name;
event245;Resiliation du service ecarte;PLC - Resiliation du service ecarte (event245);event.event_name;
event246;creation d'une ecarte;PLC - creation d'une ecarte (event246);event.event_name;
event247;suppression d'une ecarte;PLC - suppression d'une ecarte (event247);event.event_name;
event4;Augmentation plafond;PLC - Augmentation plafond (event4);event.event_name;
evar128;Statut du prélevement;Statut du prélevement (evar128);custom.statutOperation;
event310;Demande de contestation prelevement réussie (event310);Prelevement - Demande de contestation prelevement réussie (event310);event.event_name;
event65;Operations rejetees;Prelevement - Operations rejetees (event65);event.event_name;
event69;Nombre operation avec validation requise;Prelevement - Nombre operation avec validation requise (event69);event.event_name;
event75;Validation mandat;Prelevement - Validation mandat (event75);event.event_name;
event89;Nouvelle operation disponible;Prelevement - Nouvelle operation disponible (event89);event.event_name;
evar195;Détail commande chequier (evar195);Chèques - Détail commande chequier (evar195);custom.typechequiercommande;
event186;Nombre de commande de chéquiers (event186);Chèques - Nombre de commande de chéquiers (event186);event.event_name;
event370;Retrait SMS : Enrolement OK (event370);Retrait SMS - Retrait SMS : Enrolement OK (event370);event.event_name;
event371;Retrait SMS : Annulation d'un jeton (event371);Retrait SMS - Retrait SMS : Annulation d'un jeton (event371);event.event_name;
event372;Retrait SMS : Résiliation OK (event372);Retrait SMS - Retrait SMS : Résiliation OK (event372);event.event_name;
event217;Nombre de retrait sms (event217);Retrait SMS : jeton de retrait crée (event217);event.event_name;
event359;Modification adresse facturation (event359);C2P - Modification de l'adresse de facturation (event359);event.event_name;
evar145;type de comptes pour les virements emetteurs;Virement - Type de comptes pour les virements emetteurs (evar145);custom.typeDeCompteVirementEmetteur;
evar168;categorie de compte selectionne;Categorie de compte selectionne (evar168);custom.categorieDeCompteVirementSelectionne;
evar169;type de beneficiaire (evar169);Virement - Type de beneficiaire (evar169);custom.typeDeBeneficiaire;
evar170;categorie de virement;Virement - categorie de virement (evar170);custom.categorieVirement;
evar171;titulaire du compte beneficiare;Virement - Titulaire du compte beneficiare (evar171);custom.titulaireCompteBeneficiaire;
evar173;categorie de compte  virement emetteur ;Virement - Categorie de compte  virement emetteur  (evar173);custom.categorieDeCompteVirementEmetteur;
evar174;methode de virement (evar174);Virement - Méthode du virement (evar174);custom.methodeVirement;
evar23;Type de virement (evar23);Virement - Type de virement (evar23);custom.typeVirement;
evar24;Montant du virement (evar24);Virement - Montant du virement (evar24);custom.mntVirement;
evar87;Comptabilisation virement (eVar87);Virement - Comptabilisation virement (eVar87);custom.comptabilisationVirement;
event117;Nombre de virements Ok ;Virement - Nombre de virements Ok  (event117);event.event_name;
event118;Nombre de virements KO;Virement - Nombre de virements KO (event118);event.event_name;
event120;Nombre de continuation vers Transferwise;Virement - Nombre de continuation vers Transferwise (event120);event.event_name;
event135;Nombre de modification de virements;Virement - Nombre de modification de virements (event135);event.event_name;
event137;Nombre d'echec de scan automatique d'IBAN;Virement - Nombre d'echec de scan automatique d'IBAN (event137);event.event_name;
event138;Nombre de succes de scan automatique d'IBAN;Virement - Nombre de succes de scan automatique d'IBAN (event138);event.event_name;
event351;Augmentation de plafond virement (event351);Virement - Augmentation de plafond virement (event351);event.event_name;
event352;Intervention conseiller necessaire (event352);Virement - Intervention conseiller necessaire plafond virement (event352);event.event_name;
event54;Compteur virement;Virement - Nombre de jeton de retrait (event54);event.event_name;
event56;Montant du virement (event56);Virement - Montant du virement (event56);event.event_name;
event59;;;event.event_name;
event119;Nombre d'ajout de bénéficiaire;Ajout bénéficiaire - Nombre d'ajout de bénéficiaire (event119);event.event_name;
event136;Nombre de modification de beneficiaires;Ajout bénéficiaire - Nombre de modification de beneficiaires (event136);event.event_name;
event151;Nombre de suppression de beneficiaires;Ajout bénéficiaire - Nombre de suppression de beneficiaires (event151);event.event_name;
event362;VOP modif beneficiaire réussie (event362);VOP - modif beneficiaire réussie (event362);event.event_name;
evar155;Statut activation service wero;Statut activation service wero (evar155);ConfirmationDes;
event113;Paylib Confirmation Suppression des donnees ;Paylib Confirmation Suppression des donnees  (event113);event.event_name;
event139;Nombre d'enrolement wero;Nombre d'enrolement wero (event139);event.event_name;
event140;Nombre de desactivation wero;Nombre de desactivation wero (event140);event.event_name;
event152;Nombre d'autorisation d'accès au contacts pour paylib;Nombre d'autorisation d'accès au contacts pour paylib (event152);event.event_name;
event153;Nombre de refus d'accès au contacts pour paylib;Nombre de refus d'accès au contacts pour paylib (event153);event.event_name;
event154;Nombre de validation de saisie de nouveau contact pour paylib / wero;Nombre de validation de saisie de nouveau contact pour paylib / wero (event154);event.event_name;
evar88;Statut réception d'argent (evar88);Wero - statut reception argent (evar88);;
event268;Refus d'une demande reçue (event268);Wero - refus demande recue (event268);event.event_name;
event290;Désactivation réception argent Wero (event290);Wero desactivation reception argent (event290);event.event_name;
event291;Suppression compte Wero (event291);Wero - suppression compte (event291);event.event_name;
event292;Désactivation service Wero (event292);Wero - desactivation service wero (event292);event.event_name;
event295;Activation réception argent Wero (event295);Wero - activation reception argent (event295);event.event_name;
event269;Partager les contacts wero (event269);wero - partage des contacts (event269);event.event_name;
event121;Acceptation effets a payer;Virements B2B - accpetation effets a payer (event121);event.event_name;
event122;Refus effets a payer;Virements B2B - refus effets a payer (event122);event.event_name;
evar11;ABTesting 1 (evar11);ABTesting 1 (evar11);;
evar12;ABTesting 2 (evar12);ABTesting 2 (evar12);;
evar95;ABTesting 3 (eVar95);ABTesting 3 (eVar95);vignette.nom;
evar96;ABTesting 4 (eVar96);ABTesting 4 (eVar96);vignetteVignette;
evar97;ABTesting 5 (eVar97);ABTesting 5 (eVar97);vignetteVignette;
evar98;ABTesting 6 (eVar98);ABTesting 6 (eVar98);bannerAffichage;
evar49;Campagne autopromo cliquée (evar49);Autopromo : Nom de la bannière cliquée (evar49);affichageAffichage;
evar49.clic-ap-libelle-campagne;Clic AP Libelle campagne (Clic campagne autopromo (evar49));Autopromo : Libellé de la campagne cliquée (evar49);;
evar49.clic-ap-id-campagne;Clic AP ID campagne (Clic campagne autopromo (evar49));Autopromo : ID de la campagne cliquée (evar49);;
evar49.clic-ap-categorie;Clic AP Categorie (Clic campagne autopromo (evar49));Autopromo : Catégorie de la campagne cliquée (evar49);;
evar49.clic-ap-emplacement;Clic AP Emplacement (Clic campagne autopromo (evar49));Autopromo : Emplacement de la campagne cliquée (evar49);;
evar49.clic-code-produit;Clic AP Priorité (Clic campagne autopromo (evar49));Autopromo : Priorité de la campagne cliquée (evar49);;
evar49.clic-ap-capping-affichage-para;Clic AP Capping affichage paramétré (Clic campagne autopromo (evar49));Autopromo : Capping d'affichage de la campagne cliquée (evar49);;
evar49.clic-ap-capping-clic-parametre;Clic AP capping clic paramétré (Clic campagne autopromo (evar49));Autopromo : Capping de clic de la campagne cliquée (evar49);;
evar49.clic-ap-type-campagne;Clic AP type campagne (Clic campagne autopromo (evar49));Autopromo : Type de la campagne cliquée (evar49);;
evar49.clic-ap-nom-segment-kameleoon;Clic AP nom segment Kameleoon (Clic campagne autopromo (evar49));Autopromo : Nom du segment de la campagne cliquée (evar49);;
evar49.clic-ap-code-produit;Clic AP Objectif (Clic campagne autopromo (evar49));Autopromo : Objectif de la campagne cliquée (evar49);;
event28;impression vignette (event28);Autopromo : Impression bannière (event28);event.event_name;
event29;Clic vignette (event29);Autopromo : Clic bannière (event28);event.event_name;
event40;Capping affichage atteint;Autopromo : Capping affichage atteint (event40);event.event_name;
event41;Capping clic atteint;Autopromo : Capping clic atteint (event41);event.event_name;
event49;Ne plus afficher banniere (event49);Autopromo : Evenement client : Ne plus afficher la bannière (event41);event.event_name;
event6;Affichage popin autopromo;Autopromo : Evenement client : Affichage popin;event.event_name;
LIST1;Suivi vignettes (list1);Autopromo : Suivi bannières (list1);custom.vignetteListe;
LIST3;Segments CRM Kameleoon (list3);Autopromo : Segments CRM (list3);custom.vignetteListe3;
evar65;Critères (evar65);Budget - Critère du filtre appliqué sur coach (evar65);custom.criteres;à partir d'ici la démarche pour la typo de donnée à changer.
event52;Seuil de l'alerte renseigné par le client;Budget - Seuil de l'alerte renseigné par le client (event52);event.event_name;
event149;Nombre d'activation de notifications ;Budget - Nombre d'activations de notifications (event149);event.event_name;
event150;Nombre de désactivation de notifications ;Budget - Nombre de désactivations de notifications (event150);event.event_name;
evar183;Methode de contact de notification;Budget - Methode de contact de notification (evar183);pages.template;
evar192;Catégorie et nom alerte;Budget - Catégorie & nom d'alerte (evar192);clics.template;
event341;Souscription a tirelire;Comptes - Souscription a tirelire (event341);event.event_name;
event342;Creation d'une tirelire;Comptes - Creation d'une tirelire (event342);event.event_name;
event343;Suppression d'une tirelire;Comptes - Suppression d'une tirelire (event343);event.event_name;
evar132;Caracéristiques Agrégation;Comptes - Caractéristiques Agrégation (evar132);custom.topDetentionPart;
event222;Agrégation compte réussie (event222);Comptes - Agrégation de compte réussie (event222);event.event_name;
event218;Univers produit resilie;Comptes - Connexion banque externe réussie (event218);event.event_name;
prop12;Type d'opération;Comptes - Type d'opération (prop12);custom.versionSyntheseCompte;
evar156;Version synthese des comptes;Comptes - Version synthèse des comptes (evar156);custom.versionSyntheseCompte;
evar162;Type de recategorisation;Comptes - Type de recatégorisation (evar162);custom.typeDeRecategorisation;
evar163;Libelle du produit du producteur;Comptes - Libellé du produit du producteur (evar163);custom.libelleProducteur;
evar175;compte meniga synchonisation;Comptes - État de la synchronisation meniga (evar175);custom.menigaSynchronisation;
evar73;Nature du compte (evar73);Comptes - Marché et nature du comptes (evar73);custom.natureCompte;
evar77;Famille de produit;Comptes - Famille de produit (evar77);productFamilyPFM;
evar78;Sous-famille de produit;Comptes - Sous-famille de produit (evar78);subProductFamilyPFM;
event115;Succès suppression banque;Comptes - Succès suppression banque (event115);event.event_name;
event116;Nombre modification de libelle de compte;Comptes - Nombre modification de libelle de compte (event116);event.event_name;
event126;Suppression comptes destinataires;Comptes - Suppression comptes destinataire (event126);event.event_name;
event128;Modification droits utilisateurs et delegation signature;Comptes - Modification droits utilisateurs et delegation signature (event128);event.event_name;
event129;Création de liste de compte;Comptes - Création de liste de comptes (event129);event.event_name;
event132;Nombre de suppression de liste;Comptes - Nombre de suppression de liste (event132);event.event_name;
event133;Nombre de modification de liste;Comptes - Nombre de modification de liste (event133);event.event_name;
event134;Nombre de modification d'ordre de liste;Comptes - Nombre de modification d'ordre de liste (event134);event.event_name;
event142;Nombre de modification de liste;Comptes - Nombre de recatégorisations d'opérations bancaires (event142);event.event_name;
event143;Nombre d'activation des fonctionnalites avancees;Comptes - Nombre d'activation des fonctionnalites avancees (event143);event.event_name;
event144;Nombre de desactivation des fonctionnalites avancees;Comptes - Nombre de desactivation des fonctionnalites avancees (event144);event.event_name;
event145;Nombre de telechargement des operations de comptes;Comptes - Nombre de telechargement des operations de comptes (event145);event.event_name;
event181;Eligibilite postpaiement (event181);Comptes - Dépenses à étaler (event181);event.event_name;
event210;Activation toggle etalement des paiements ;Comptes - Activation toggle etalement des paiements (event210);event.event_name;
event211;Desactivation toggle etalement des paiements;Comptes - Désactivation toggle etalement des paiements (event211);event.event_name;
event213;Personnalisation d'un compte (event213);Comptes - Personnalisation du libellé du compte (event213);event.event_name;
event214;Ajout d'un tag sur une operation (event214);Comptes - Ajout d'un tag sur une operation (event214);event.event_name;
event274;Usage filtre avancé (event274);Comptes - Usage filtre avancé (event274);event.event_name;
event277;Présence tuile RAVE sur synthèse des comptes (event277);Comptes - Présence tuile RAVE sur synthèse des comptes (event277);event.event_name;
event278;Décrochage RAVE sur synthèse des comptes (event278);Comptes - Décrochage RAVE sur synthèse des comptes (event278);event.event_name;
event282;Export detail opération (event282);Comptes - Export detail opération (event282);event.event_name;
event284;Proposition Crédit renoulable (event284);Comptes - Proposition Crédit renoulable (event284);event.event_name;
event285;Affichage RIB IBAN (event285);Comptes - Affichage RIB IBAN (event285);event.event_name;
event289;Eligibilité opération proposition assurance (event289);Comptes - Eligibilité opération proposition assurance (event289);event.event_name;
event336;Validation de saisie du texte de caution (event336);Comptes -Validation de saisie tapuscrite (event336);event.event_name;
event36;Montant transaction reportee (event36);Comptes - montant transaction reportee (event36);event.event_name;
event71;Nombre de comptes;Comptes - Nombre de comptes (event71);event.event_name;
event72;Nombre de comptes désynchronisés ;Comptes - Nombre de comptes désynchronisés (event72);event.event_name;
prop45;Total nombre de compte détenus;Comptes - Total nombre de comptes détenus (prop45);custom.nombreComptes;
prop69;Etalement de paiement;Comptes - Dépense éligible à l'étalement des paiements;custom.etalerPaiement;
event254;Consultation scan de cheques (event254);B2B - consultation scan de cheques (event254);event.event_name;
event255;Pointage d'une opération (event255);B2B - pointage operation (event255);event.event_name;
evar22;Type du compte (evar22);Comptes - Type du compte (evar22);;
evar120;Statut de notifications;Fil de notifications - Critères du parcours (evar120);custom.statutNotification;
event249;Nombre de notifications (event249);Nombre de notifications (event249);event.event_name;
event358;Décrochage club sociétaire (event358);Comptes - Décrochage club sociétaire (event358);event.event_name;
event315;Mode Tableau (event315);Comptes - Mode tableau (event315);event.event_name;
event316;Mode Liste (event316);Comptes - Mode liste (event 316);event.event_name;
event317;Tri par etablissement (event317);Comptes - Tri par établissement (event317);event.event_name;
event318;Tri par type (event318);Comptes - Tri par type (event318);event.event_name;
event319;Tri par societe (event319);Comptes - Tri par société (event319);event.event_name;
event236;Eligibilité partenaire Papernest (event236);Comptes - Éligibilité partenaire Papernest (event236);event.event_name;
evar187;Produit détenu VS non détenu (evar187);Produit détenu VS non détenu (evar187);custom.statutDetentionProduit;
event230;Decrochage partenaire (event230);Decrochage partenaire (event230);event.event_name;
prop55;Ordre items personnalisation de la synthèse (prop55);Ordre items personnalisation de la synthèse (prop55);custom.personnalisationSynthese;
evar61;Type de décrochage assistant (evar61);Assistant IA - Type de décrochage assistant (evar61);;
event294;Décrochage assistant (event294);Assistant IA - Décrochage assistant (event294);event.event_name;
event345;Succès réponse assistant IA (event345);Assistant IA - Succès réponse assistant IA (event345);event.event_name;
prop38;Type de réponse (prop38);Assistant IA - Type de réponse (prop38);;
event333;Vote positif (event333);Vote positif (event333);event.event_name;
event334;Vote négatif (event334);Vote négatif (event334);event.event_name;
prop67;Thematique FAQ (prop67);FAQ - Thématique (prop67);custom.thematiqueFaq;
prop68;Sous thematique FAQ (prop68);FAQ - Sous-thématique (prop68);custom.sousThematiqueFaq;
evar133;Nom du template CMS;Portail - Nom du template CMS (evar133);pagesdisplay;il faut ranger les variables selon le sens logique métier pas selon la typo technique
evar134;template bloc CMS;Portail - Nom du template de bloc cliqué (evar134);;
evar135;Clic portail (evar135);Portail - Dernier clic portail (evar135);custom.typedesuccesportail;
custom.typedesuccesportail.libellle-clic-du-dernier-clic-;Libellle clic du dernier clic portail (evar135);Portail - Libellle clic du dernier clic portail (evar135);;
custom.typedesuccesportail.nom-de-la-page-dernier-clic-po;Nom de la page dernier clic portail (evar135);Portail - Nom de la page dernier clic portail (evar135);;
evar136;Derniere page vue du portail;Portail - Dernière page vue du portail (evar136);viewView;
evar141;gamme et code produit du portail;Portail - Gamme et code produit du portail (evar141);;
custom.nom-de-la-gamme-produit-portai;Nom de la gamme produit portail (evar141) ;Portail - Nom de la gamme produit portail (evar141) ;;
custom.nom-du-produit-portail-evar141;Nom du produit portail (evar141);Portail - Nom du produit portail (evar141);;
evar185;Display de la page;Portail - Display de la page (evar185);ProduitProduit;
evar188;Categorie de clics;Portail - Catégorie de clics (evar188);produits.gamme;
evar197;Type de succes Portail;Portail - Type de décrochages portail (evar197);produits.code;
event109;product view portail;Portail - Vue du produit sur le portail (event109);event.event_name;
event22;succes decrochage genere par portail (event22);Portail - Succès du décrochage généré par le portail (event22) ;event.event_name;
event23;Consultation Produit (event23);Portail - Consultation du produit (event23) ;event.event_name;
prop60;Segment de marche;Portail - Segment marketing (prop60);;
prop61;Gamme de besoin;Portail - Gamme de besoin (prop61);;
prop71;Nom du template CMS;Portail - Nom du template CMS (prop71);;
prop72;template bloc CMS;Portail - Nom du template de bloc cliqué (prop72);;
evar16;Informations sur le parcours aiguilleur (evar16);Portail - Réponses parcours aiguilleur (evar16);custom.mobileServiceType;
event16;Ouverture modal choix region (event16);Choix région - Ouverture modale (event16);event.event_name;
event17;Clic sur trouver ma banque (event17);Choix région - Clic sur trouver ma banque (event17);event.event_name;
evar184;Méthode de gestion des droits utilisateurs (evar184);B2B - gestion de droits utilisateurs (evar184);;
event293;Sélection méthode de gestion des droits (event293);B2B - selection methode gestion des droits (event293);event.event_name;
event308;Décrochage changement de mot de passe B2B (event308);B2B - decrochage changement de mot de passe (event308);event.event_name;
event309;Décrochage modification droits signature B2B (event309);B2B - decrochage modification droits signature (event309);event.event_name;
event328;Modification de plafond (event328);B2B - modification de plafond (event328);event.event_name;
event344;Décrochage vers la suppression d'utilisateur (event344);B2B - decrochage suppression utilisateur (event344);event.event_name;
evar167;Type de demande CMLT;CMLT - type de demande (evar167);custom.categorieObjet;C'est de la souscription ?
evar25;Catégorie objet;CMLT - categorie objet (evar25);custom.statutDemande;
prop11;Statut demande (prop11);CMLT - statut demande (prop11);;
event190;Nombre objet de financement;CMLT - nombre objet de financement (event190);event.event_name;
event191;Sauvegarder la demande;CMLT - sauvegarder la demande (event191);event.event_name;
event298;Ajout objet demande CMLT (event298);CMLT - ajout objet demande (event298);event.event_name;
event313;Décrochage vers le site new B2B (event313);B2B - decrochage vers le site new B2B (event313);event.event_name;
event332;Décrochage vers le site legacy (event332);B2B - decrochage vers le site legacy (event332);event.event_name;
evar84;Numéro de SIREN(eVar84);Connaissance client numaric - numero SIREN (evar84);custom.NomDeCollectivite;
evar85;Nom de la Collectivité (eVar85);Connaissance client numaric - nom collectivite (evar85);custom.aggregationconfirmation;
evar82;Nom du Projet (evar 82);Numairic - Nom du Projet (evar 82);custom.NomDuProjet;
evar86;Durée du prêt (eVar86);Numairic - Durée du prêt (evar86);custom.DureeDuPret;
evar198;Type de budget;Numairic - Type de budget (evar198);custom.typeBudget;
evar199;Taux, Pret MLT;Numairic -Taux du pret mlt (evar199);custom.tauxPretRelais;
evar200;Taux Pret Relais;Numairic -Taux du prêt relais (evar200);custom.tauxPretMLT;
event174;Montant prêt MLT;Numairic - Montant pret mlt (event174);event.event_name;
event175;Montant prêt relai;Numairic - Montant pret relai (event175);event.event_name;
event176;Duree prêt MLT;Numairic  - Durée pret mlt (event176);event.event_name;
event177;Duree prêt relai;Numairic  - Durée pret relai (event177);event.event_name;
prop19;Agregation confirmation financement;Credit pro - confirmation financement (prop19);custom.aggregationPro;C'est de la souscription ?
evar10;Aggregation credit pro;Credit pro - enveloppe sante (evar10);;
custom.creditPro_categorie;categorie;Credit pro - catégorie (evar10);;
custom.creditPro_sousCategorie;sous categorie;Credit pro - sous catégorie (evar10);;
custom.creditPro_typeMateriel;type materiel;Credit pro - type de matériel (evar10);;
custom.creditPro_montant;montant;Credit pro - montant (evar10);;
custom.creditPro_etat;etat;Credit pro - etat (evar10);;
custom.creditPro_typeCredit;type credit;Credit pro - type de credit (evar10) ;;
custom.creditPro_assuranceEmprunteur;assurance emprunteur;Credit pro - assurance emprunteur (evar10);;
custom.creditPro_assuranceCreditBail;assurance credit bail ;Credit pro - assurance credit bail (evar10) ;;
event265;Confirmation accès par utilisateur (event265);Digital box - confirmation acces utilisateur (event265);event.event_name;
event320;Sélection autre société (event320);Digital box - selection autre societe (event320);event.event_name;
event350;sélection autre établissement d'une société (event350);Digital box - selection autre etablissement de societe (event350);event.event_name;
event62;visualisation document (event62);digital box - visualisation document (event62);event.event_name;
event233;Clic demande de financement en cours (event233);Univers Financement - Clic demande de financement en cours (event233);event.event_name;
event234;Clic autopromotion besoin de financement (event234);Univers Financement - Clic autopromotion (event234);event.event_name;
event266;Activation du service mes documents électroniques (event266);MDE - activation service (event266);event.event_name;
event267;Désactivation du service mes documents électroniques (event267);MDE - desactivation service (event267);event.event_name;
evar48;Type document consulte (evar48);MDE - type document consulte (evar48);custom.periode;
evar41;periode appliquee;Encaissement - periode appliquee (evar41);activationService;
event307;Décrochage depuis le widget (event307);Encaissement - decrochage depuis le widget (event307);event.event_name;
evar176;Producteur;Nom du producteur (evar176);custom.producteur;
event141;Décrochages producteurs (event141);Décrochages producteurs (event141);event.event_name;
evar43;Contrôle temps réel (evar43);Collecte - Contrôle document : temps réel ou non (evar43);custom.controleTempsReel;
evar52;Contrôle de document (evar52);Collecte - Contrôle document : oui ou non (evar52);custom.controleDocument;
event314;Limite du nombre d'essais de collecte atteinte (event314);Collecte - Limite du nombre d'essais de collecte atteinte (event314);event.event_name;
event248;Collecte de document effectuée (event248);Collecte - Collecte de document effectuée (event248);event.event_name;
event167;Collecte de pièces effectuée;Collecte - Collecte de justificatif effectuée (event167);event.event_name;
event228;Décrochage controle identité (event228);Décrochage controle identité (event228);event.event_name;
event223;Contrôle d'identité réussi (event223);Contrôle d'identité réussi (event223);event.event_name;
evar56;Critère de recherche (evar56);Store Locator - Critère de recherche (evar56);custom.critereRecherche;
evar7;Mot-clé recherché (evar7);Moteur de recherche - Mot-clé recherché (evar7);search.keyword;
event11;Evenement Recherche (event11);Moteur de recherche - Recherche effectuée (event11);event.event_name;
event48;Résultat de recherche nul;Résultat de recherche nul (event48);event.event_name;
evar55;Agrégation crédit renouvelable (evar55);Crédit renouvelable - Agrégation crédit renouvelable (evar55);;C'est de la souscription ?
event238;Débranchage partenaire cozynergy (event238);Coach Green - Décrochage Cozynergy (event238);event.event_name;
event270;Débranchage partenaire izi (event270);Coach Green - Décrochage izi by EDF (event270);event.event_name;
event280;Simulation empreinte carbone (event280);Coach green - Simulation enmprunte carbone (event280);event.event_name;
event325;Débranchage NamR (event325);Coach green - Décrochage NamR (event 325);event.event_name;
event281;Confirmation aug cma (event281);Crédit Renouvelable - Confirmation de l'augmentation du crédit maximum autorisé (event281);event.event_name;
event312;Confirmation remboursement anticipe (event312);Crédit Renouvelable - Confirmation remboursement anticipé (event312);event.event_name;
event337;Utilisation crédit renouvelable (event337);Crédit Renouvelable - Utilisation crédit renouvelable (event337);event.event_name;
event338;Mensualité modifiée (event338);Crédit Renouvelable - Mensualité modifiée (event338);event.event_name;
event339;Faire une pause (event339);Crédit Renouvelable - Faire une pause (event339);event.event_name;
event232;Confirmation utilisation credit (event232);Crédit Renouvelable - Confirmation utilisation crédit (event232);event.event_name;
event146;Nombre d'annulation de RDV en ligne;Prise de rdv - Nombre d'annulation de RDV en ligne (event146);event.event_name;
event25;Prise RDV conseiller (event25);Prise de rdv - RDV conseiller pris (event25);event.event_name;
evar131;Prise de rdv - informations;Prise de rdv - informations & motif (evar131);custom.infosRdv;
custom.infosRdv.format-rdv-evar131;Format RDV (evar131) ;Prise de rdv - format (evar131);;
custom.infosRdv.heure-du-rdv-evar131;heure du RDV (evar131);Prise de rdv - heure (evar131);;
custom.infosRdv.jour-rdv-evar131;jour RDV (evar131) ;Prise de rdv - jour (evar131);;
custom.infosRdv.motif-rdv-evar131;Motif RDV (evar131);Prise de rdv - Motif (evar131);;
event112;Message envoyé;MSI - Message envoyé (event112);event.event_name;
event178;Confirmation de déclaration de bug (event178);Report bug - Confirmation de déclaration de bug (event178);event.event_name;
event327;Décrochage zendesk report bug (event327);Report bug - Décrochage zendesk report bug (event327);event.event_name;
evar194;Catégorie de bug;Report Bug - Catégorie de bug (evar194);custom.categorieBug;
event219;Demande de resiliation confirmee;Résiliation - Demande de résiliation confirmée (event219);event.event_name;
event296;Appel agence (event296);Appel agence (event296);event.event_name;
event297;Appel OPTIMAL (event297);Appel OPTIMAL (event297);event.event_name;
evar126;Formulaire de contact - informations;Formulaire de contact - Agrégation (evar126);custom.infosContact;
custom.infosContact.marche-du-contact-evar126;Marché du contact (evar126);Formulaire de contact - Marche du contact (evar126);;
custom.infosContact.mode-de-contact-evar126;Mode de contact (evar126);Formulaire de contact - Mode de contact (evar126);;
custom.infosContact.motif-de-contact-evar126;Motif de contact (evar126);Formulaire de contact - Motif de contact (evar126);;
event347;Acceptation paiement (event347);EAP - Acceptation paiement (event347);event.event_name;
event348;Refus paiement (event348);EAP - Refus paiement (event348);event.event_name;
event349;Refus partiel paiement (event349);EAP - Refus partiel paiement (event349);event.event_name;
event321;Suppression demande e-dailly;e_dailly - suppression demande (event321);event.event_name;
evar153;e-dailly - caracteristiques demande;e-dailly - caracteristiques demande (evar153);;C'est de la souscription ?
event322;Duplication demande e-dailly;e-dailly - duplication demande (event322);event.event_name;
event323;Modification demande e-dailly;e-dailly - modification demande (event323);event.event_name;
event335;;e-dailly - duplication cree (event 335);event.event_name;
event346;Affichage message erreur e-dailly (event346);e-dailly - affichage message erreur (event346);event.event_name;
event90;e-dailly - marche completion initie;e-dailly - completion marche initie (event90);event.event_name;
event91;e-dailly - montant total marche;e-dailly - montant total marche (event91);event.event_name;
event92;e-dailly - montant total marche cede;e-dailly - montant total marche cede (event92);event.event_name;
event93;e-dailly - completion du marche;e-dailly - completion du marche (event93);event.event_name;
event95;e-dailly - nombre de créances initiees;e-dailly - nombre de creances initiees (event95);event.event_name;
event96;e-dailly - creance montant;e-dailly - creance montant (event96) ;event.event_name;
event98;e-dailly - nombre de creances finalisees;e-daily - nombre de creances finalisees (event98) ;event.event_name;
prop44;Espace application mineur (prop44);;custom.espaceApplicationMineur;
event355;Clic lancement vidéo pédagogique (event355);Vidéos Pédagogiques - Lancement video pedagogique (event355);event.event_name;
event356;Visualisation vidéo pédagogique non en entier (event356);Vidéos Pédagogiques- Non completion video pedagogique (event356);event.event_name;
event357;Visualisation vidéo pédagogique en entier (event357);Vidéos Pédagogiques - Completion video pedagogique (event357);event.event_name;
event239;Création d'un dossier (event239);coffre fort numerique - creation dossier (event329);event.event_name;
event353;Activation ou désactivation virement (event353);Controle parental  - Activation ou desactivation virement (event353);event.event_name;
event15;Confirmation prise de contact (event15);;event.event_name;souscription
event14;Activation enveloppe (event14);credit pro - activation enveloppe (event14);event.event_name;
event7;Nombre produits selectionnes (event7);solutions paiements - produits selectionnes (event7);event.event_name;
event97;Affichage produits detenus (event97);comptes - affichage produits detenus (event97);event.event_name;
event227;Décrochage vers un asset (event227);Décrochage vers un asset (event227);event.event_name;
event225;Fin parcours copro (event225);Financement Copro - Confirmation d'une demande de financement travaux (event225);event.event_name;
event224;Fin parcours syndic (event224);Financement Syndic - Confirmation demande de financement travaux (event224);event.event_name;
event226;Validation ajout lot syndic (event226);Financement Syndic - Création de lots (event226);event.event_name;
event70;Recherche store locator;Recherche dans le store locator (event70);event.event_name;
event202;Report d'échéance demandé;Report d'échéance demandé (event202);event.event_name;
event203;Date de prelevement modifiee;Date de prelevement modifiee (event203);event.event_name;
event204;Impayé regularisé ;Impayé regularisé (event204);event.event_name;
event205;Fonds débloqués;Fonds débloqués (event204);event.event_name;
event206;Commencer le remboursement;Commencer le remboursement (event206);event.event_name;
event329;Page ou événement de contact existant (event329);Page ou événement de contact existant (event329);event.event_name;
event26;Demande rappel conseiller (event26);Demande de rappel par le conseiller (event26);event.event_name;
event35;appel conseiller (event35);Appel au conseiller (event35);event.event_name;
event37;envoi d'un email (event37);Envoi d'un email (event37);event.event_name;
event42;Chat conseiller (event42);Chat avec le conseiller (event42);event.event_name;
event68;web call back;Web call back (event68);event.event_name;
event5;Intention prise de rdv;Intention de prendre un rendez-vous (event5);event.event_name;
event63;Clic to call;Clic pour appeler (event63);event.event_name;
event9;Erreur Formulaire (event9);Erreur dans le formulaire (event9);event.event_name;
event288;Aucun créneau sous 25 jours;Aucun créneau sous 25 jours (event288);event.event_name;
evar165;Type action selfcare;Type d'acte de gestion selfcare (evar165);;
event66;Action de selfcare (event66);Acte de gestion selfcare effectué (event66);event.event_name;pas toutes les pages
event324;Affichage de la popin Web Call Back (event324) (event324);Web call back - Affichage de la popin (event324);event.event_name;
event361;Validation de la demande côté CRC (event361);Web call back - Validation CRC (event361);event.event_name;
evar193;Formulaire ecommerce agregation (evar193);E-commerce - aggrégation formulaire (evar193);custom.formulairedecontact;